<?xml version="1.0" encoding="utf-8"?>
<extension version="3.0" type="plugin" group="system" method="upgrade">
	<name>Jinspector Joomla! Site Inspector</name>
	<author>Realvision Internet Limited</author>
	<creationDate>October 2017</creationDate>
	<copyright>Realvision Internet Limited - all rights reserved!</copyright>
	<license>GNU General Public License version 2 or later; see LICENSE.txt</license>
	<authorEmail>jinspector@joomlafixers.com</authorEmail>
	<authorUrl>https://joomlafixers.com/extensions/jinspector-joomla-site-inspector</authorUrl>
	<version>0.0.10 </version>
	<description>PLG_SYSTEM_JINSPECTOR_XML_DESCRIPTION</description>
    <files>
		 <folder>language</folder>
		<filename plugin="jinspector">jinspector.php</filename>
	</files>
	
	<languages>

		<language tag="en-GB">language/en-GB/en-GB.plg_system_jinspector.ini</language>
		<language tag="en-GB">language/en-GB/en-GB.plg_system_jinspector.sys.ini</language>

	</languages>        
        
	<config>
		<fields name="params">
			<fieldset name="basic">
				<field name="mailto_admins" type="usergroup" default="0"
					   multiple="true"
					   label="PLG_SYSTEM_JINSPECTOR_MAILTO_ADMINS_LABEL"
                                           description="PLG_SYSTEM_JINSPECTOR_MAILTO_ADMINS_DESC">
				</field>
				<field name="mailto_custom" type="radio" default="0"
					   label="PLG_SYSTEM_JINSPECTOR_MAILTO_CUSTOM_LABEL"
					   description="PLG_SYSTEM_JINSPECTOR_MAILTO_CUSTOM_DESC">
					<option value="1">JYES</option>
					<option value="0">JNO</option>
				</field>
				<field name="custom_email" size="40" type="text" default=""
					   label="PLG_SYSTEM_JINSPECTOR_MAILTO_CUSTOM_LABEL"
					   description="PLG_SYSTEM_JINSPECTOR_CUSTOM_EMAIL_DESC"/>
				<field
						name="notification_period"
						type="list"
						default="24"
						label="PLG_SYSTEM_JINSPECTOR_NOTIFICATION_PERIOD_LABEL"
						description="PLG_SYSTEM_JINSPECTOR_NOTIFICATION_PERIOD_DESC">
					<option value="24">Daily</option>
					<option value="168">Weekly</option>
					<option value="336">2 Weekly</option>
					<option value="672">4 Weekly</option>
				</field>
				<field name="mailto_noresult" type="radio" default="1"
					   label="PLG_SYSTEM_JINSPECTOR_MAILTO_NORESULT_LABEL"
					   description="PLG_SYSTEM_JINSPECTOR_MAILTO_NORESULT_DESC">
					<option value="1">JYES</option>
					<option value="0">JNO</option>
				</field>
			</fieldset>
		</fields>
	</config>
	<updateservers>
            <server type="plugin" priority="1" name="Realvision Internet Update Server">https://github.com/realvisioninternet/updates/releases/download/update/updates.xml</server>
 </updateservers>
        
</extension>
